{"cameraMode":{"drawMode":0,"name":"Shaded","section":"Shading Mode"},"sceneLighting":true,"audioPlay":false,"sceneViewState":{"showFog":true,"showMaterialUpdate":false,"showSkybox":true,"showFlares":true,"showImageEffects":true,"showParticleSystems":true},"in2DMode":false,"pivot":{"x":5.326924800872803,"y":8.36473560333252,"z":-5.234495162963867},"rotation":{"x":0.25536081194877627,"y":0.3309045433998108,"z":-0.0935109555721283,"w":0.9036908745765686},"size":2.64211106300354,"orthographic":false}